{"cameraMode":{"drawMode":0,"name":"Shaded","section":"Shading Mode"},"sceneLighting":true,"audioPlay":false,"sceneViewState":{"m_AlwaysRefresh":false,"showFog":true,"showSkybox":true,"showFlares":true,"showImageEffects":true,"showParticleSystems":true,"showVisualEffectGraphs":true,"m_FxEnabled":true},"in2DMode":false,"pivot":{"x":14.37925910949707,"y":5.118444919586182,"z":10.436308860778809},"rotation":{"x":0.06602663546800614,"y":-0.7650297284126282,"z":0.07946440577507019,"w":0.6356582045555115},"size":0.7799405455589294,"orthographic":false}